month,actual_crime_count,predicted_crime_count
2023-09,412.0,348.37268808827895
2023-10,383.0,346.38464934810463
2023-11,361.0,315.96323548225496
2023-12,292.0,282.4401221058688
2024-01,321.0,254.88037975884384
2024-02,365.0,228.96204442592853
2024-03,395.0,253.5491384266251
2024-04,365.0,266.3077054810588
2024-05,454.0,294.9774333557576
2024-06,418.0,315.1009193892983
2024-07,152.0,350.71578023646657
2024-08,,343.0523493718242
2024-09,,340.95425733534654
